First Name,Last Name,City
Sheryl,Baxter,East Leonard
Preston,Lozano,East Jimmychester
Roy,Berry,Isabelborough
Linda,Olsen,Bensonview
Joanna,Bender,West Priscilla
Aimee,Downs,Chavezborough
Darren,Peck,Lake Ana
Brett,Mullen,Kimport
Sheryl,Meyers,Robersonstad
Michelle,Gallagher,Elaineberg
Carl,Schroeder,Shannonville
Jenna,Dodson,East Andrea
Tracey,Mata,South Joannamouth
Kristine,Cox,Jodyberg
Faith,Lutz,Burchbury
Miranda,Beasley,Desireeshire
Caroline,Foley,West Adriennestad
Greg,Mata,Lake Leslie
Clifford,Jacobson,Harmonview
Joanna,Kirk,Jamesshire
Maxwell,Frye,East Carly
Kiara,Houston,South Alvin
Colleen,Howard,Brittanyview
Janet,Valenzuela,Veronicamouth
Shane,Wilcox,Bryanville
Marcus,Moody,Kaitlyntown
Dakota,Poole,Michealshire
Frederick,Harper,South Marissatown
Stefanie,Fitzpatrick,Acevedoville
Kent,Bradshaw,North Harold
Jack,Tate,West Samuel
Tom,Trujillo,Cunninghamborough
Gabriel,Mejia,Port Annatown
Kaitlyn,Santana,New Kaitlyn
Faith,Moon,West Marthaburgh
Tammie,Haley,East Teresa
Nicholas,Sosa,South Hunter
Jordan,Gay,South Walter
Bruce,Esparza,Poolefurt
Sherry,Garza,West John
Natalie,Gentry,West Darius
Bryan,Dunn,North Jimstad
Wayne,Simpson,East Rebekahborough
Luis,Greer,North Drew
Rhonda,Frost,Lake Lindaburgh
Joanne,Montes,Gwendolynview
Geoffrey,Guzman,Zimmermanland
Gloria,Mccall,North Kerriton
Brady,Cohen,North Eileenville
Latoya,Mccann,Port Sergiofort
Gerald,Hawkins,New Alberttown
Samuel,Crawford,South Jasmine
Patricia,Goodwin,Cowanfort
Stacie,Richard,New Deborah
Robin,West,Wallstown
Ralph,Haas,Lake Ellenchester
Phyllis,Maldonado,Lake Whitney
Danny,Parrish,East Jaredbury
Kathy,Hill,Selenabury
Kelli,Hardy,Huangfort
Lynn,Pham,East Pennyshire
Shelley,Harris,Port Jasminborough
Eddie,Jimenez,West Kristine
Chloe,Hutchinson,South Julia
Eileen,Lynch,Helenborough
Fernando,Lambert,Lake Nancy
Makayla,Cannon,Georgeport
Tom,Alvarado,South Sophiaberg
Virginia,Dudley,Hartbury
Riley,Good,Erikaville
Alexandria,Buck,Nicolasfort
Richard,Roth,New Jasmineshire
Candice,Keller,East Summerstad
Anita,Benson,Skinnerport
Regina,Stein,Raystad
Debra,Riddle,Colinhaven
Brittany,Zuniga,West Reginald
Cassidy,Mcmahon,Lake Sherryborough
Laurie,Pennington,Port Katherineville
Alejandro,Blair,Thomasland
Leslie,Jennings,Coreybury
Kathleen,Mckay,Lake Janiceton
Hunter,Moreno,East Clinton
Chad,Davidson,South Joshuashire
Corey,Holt,New Glenda
Emma,Cunningham,North Jillianview
Duane,Woods,Lyonsberg
Alison,Vargas,East Cristinabury
Vernon,Kane,Thomasfurt
Lori,Flowers,North Joeburgh
Nina,Chavez,Cassidychester
Shane,Foley,South Dannymouth
Collin,Ayers,South Lonnie
Sherry,Young,Frankchester
Darrell,Douglas,Daisyborough
Karl,Greer,East Richard
Lynn,Atkinson,New Bradview
Fred,Guerra,Ortegaland
Yvonne,Farmer,Lake Elijahview
Clarence,Haynes,Judymouth
Andrew,Goodman,Rowlandberg
Alvin,Lane,Bethside
Jenna,Harding,Moniquemouth
Fernando,Ford,Leeborough
Kara,Woods,Port Jacksonland
Marissa,Gamble,Webertown
Julie,Cooley,West Sandra
Lauren,Villa,New Yolanda
Emily,Bryant,East Normanchester
Marie,Estrada,Welchton
Nichole,Cannon,West Devon
Bernard,Ritter,West Francisco
Darryl,Archer,Holtfurt
Ryan,Li,Batesville
Vicki,Nunez,Barbaraborough
Sean,Townsend,Velasquezberg
Sophia,Mathis,Toddhaven
Helen,Potts,Douglasland
Joann,Finley,Barrettshire
Thomas,Walsh,Roblesport
Cristina,Lam,West Jocelynfort
Vicki,Heath,Port Cameronbury
Glenn,Wang,West Rachael
Darius,Benitez,Mejiashire
Xavier,Cruz,Mindyborough
Douglas,Galloway,Eileenbury
Phyllis,Becker,East Andre
Ebony,Murphy,Atkinsfurt
Tyler,Stevenson,North Joannashire
Cesar,Bernard,Mccormickville
Darrell,Santos,Lake Dwayne
Amanda,Santiago,Benjaminchester
Marcus,Mcdonald,East Brad
Lauren,Montes,Tonyville
Brent,Hinton,Tommyland
Jill,Mayo,Port Carlside
Herbert,Byrd,Kimmouth
Don,Krueger,Melendezland
Cheryl,Gonzales,Pittmanmouth
Rickey,Mays,Hollandshire
Cassidy,Dillon,New Ebony
Christina,Bautista,Lake Don
Alexandra,Castro,South Lynnton
Krystal,Mendoza,West Henry
Ivan,Schroeder,Port Grace
Stephanie,Bradshaw,East Paulaville
Levi,Grimes,Frederickfurt
Peter,Sosa,Donaldton
Valerie,Haney,Harryview
Tom,Gardner,New Samuel
Randall,Galloway,Brightburgh
Perry,Whitaker,North Jocelynberg
Gloria,Mosley,East Reneefurt
Cameron,Little,North Angel
Glen,Gonzalez,Lake Isabelberg
Melvin,Day,Jackbury
Kent,Salinas,Nicolasfurt
Stacey,Martinez,Mauriceview
Jennifer,Fleming,Shepherdfort
Teresa,Oconnell,Lake Douglas
Bruce,Bass,Juarezbury
Sarah,Sweeney,Mejiamouth
Eddie,Salinas,North Frederick
Trevor,Rowland,Deanchester
Marcus,Chang,North Monica
Sabrina,Roberts,Port Pennyton
Norman,French,South Emma
Lonnie,Novak,East Malloryville
Casey,Bauer,New Brettfurt
David,Goodman,Juliantown
Garrett,Rosario,Marissaland
Colin,Vaughan,New Shelleyfort
Maxwell,Griffin,North Kentland
Diamond,Barnett,New Patriciamouth
Kellie,Munoz,New Samantha
Sandy,Finley,Glasshaven
Katelyn,Petersen,South Patricia
Neil,Murray,East Stephanie
Carlos,Wilcox,East Katelynmouth
Adrienne,Lamb,South Karl
Traci,Levy,New Erica
Tammy,Harmon,Chaneychester
Nicholas,Arias,Lake Gavinburgh
Sydney,Solis,Welchburgh
Jody,Beltran,Kristihaven
Autumn,Choi,Port Scott
Chelsey,Boyer,Selenaville
Trevor,Key,New Ryan
Bridget,Molina,East Brookebury
Calvin,Rocha,Wayneborough
Austin,Matthews,Aimeeville
Molly,Murphy,Ericamouth
Jeremy,Haynes,Breannaton
Don,Henry,Marcusburgh
Dakota,Bowman,West Barbarafurt
Manuel,Maynard,Lake Calvin
Howard,Simmons,Mitchellmouth
Jeffery,Wall,Jonathonhaven
Colleen,Estes,Lake Alisonside
Bianca,Henry,Garrettstad
Michelle,Good,New Johnnychester
Eileen,Skinner,New Kristophershire
Kyle,Richmond,New Arielfurt
Omar,Davies,Dicksonburgh
Chelsea,Giles,Evanfort
Pam,Crane,East Taylorborough
Sandy,Kaufman,East Taylorville
Madison,Clark,Cristianmouth
Leah,Coffey,Lake Darrell
Julie,Montgomery,New Mathew
Darrell,Small,Lake Warrenmouth
Andrew,Bolton,East Nathanmouth
Jaime,Hayden,Mullenmouth
Logan,Carney,Omarport
Pedro,Franco,West Sharonville
Daryl,Meza,West Jennifer
Haley,Levine,Jacobfort
Caitlyn,Vazquez,New Bruce
Keith,Combs,North Pattystad
Hayden,Cline,Julianberg
Jeanette,Sanford,Wadeborough
Brandon,Richmond,Beardfort
Latasha,Miller,East Glenfort
Shaun,Luna,West Emma
Allen,Mayer,West Terrenceburgh
Yvonne,Jordan,South Caseyside
Joanne,Miranda,Aguilarchester
Jaclyn,Rice,New Saraberg
Glen,Conway,Corystad
Stacey,Travis,Dudleyfurt
Courtney,Hughes,Knoxfurt
Raven,Nelson,East Kristenfort
Kyle,Odonnell,Wallacemouth
Sherry,Ponce,Holdenfurt
Kirk,Villa,Ericaside
Luke,Lucas,Pagebury
Lynn,Tran,Latoyaside
Brian,Beasley,North Daryl
Christopher,Savage,Port Isabellachester
Dominique,Mckinney,Port Erin
Dwayne,Crane,North Jessicaview
Autumn,Cuevas,Mccoyfort
Gregory,Collins,Port Grantton
Isaac,Schmidt,West Jasminfort
Bradley,Rangel,Lake Bianca
Paige,Page,Kaufmanfurt
Gwendolyn,Bradshaw,East Jonathan
Belinda,Ferguson,Moralesport
Ivan,Hines,Lake Samantha
Brett,Lin,Nortonmouth
Katherine,Williams,Juarezville
Andre,Burgess,Mooremouth
Laura,Decker,West Pamela
Tommy,Herman,North Robert
Amber,Lyons,South Kaitlyn
Shelia,Yang,Lake Edwintown
Russell,Martin,East Megan
Yvette,Willis,South Tamarafort
Don,Ho,Riosport
Ellen,Torres,New Chelsey
Hayley,Morse,Lorrainefort
Ellen,Kerr,Port Jocelyn
Martha,Cruz,New Kaylashire
Douglas,Carson,Branchview
Toni,Cline,Ortegaside
Robyn,Berger,South Karen
Calvin,Roach,North Melvin
Angel,Park,South Marciafurt
Bradley,Delacruz,Ortegaland
Donald,Cross,Bruceville
Jeremiah,Guerrero,New Erikville
Perry,Trujillo,Lake Joyton
Brent,Beasley,South Kimberly
Ariana,Velasquez,South Codyfurt
Don,Vincent,Sanfordmouth
Bradley,Blair,Franciscochester
Henry,Conway,Fordton
Norman,Waters,West Stacey
Breanna,Miranda,Colinberg
Seth,Osborne,East Kaylee
Lydia,Ponce,New Eduardo
Sherri,Bradshaw,Dariusview
Alejandra,Lowe,East Petermouth
Raymond,Bernard,Lake Karlaburgh
Patricia,Moss,North Stacey
Hector,Meyers,New Mario
Pedro,Zhang,Jacobmouth
Marco,Donaldson,West Aprilberg
Shannon,Yoder,Jofort
Brian,Downs,New Anitafurt
Dillon,Cooley,Port Micheleville
Joyce,Chaney,North Francis
Angelica,Schaefer,Lake Sydney
Marcia,Horton,West Kendra
Sydney,Barr,East Courtneyview
Jay,Hodge,South Rebekah
Angela,Jackson,Reynoldsborough
Bethany,Barrera,Vickietown
Cindy,Valenzuela,Maychester
Christine,Camacho,South Daveville
Tyrone,Hendrix,East Wayne
Roy,Gould,Jackberg
Matthew,Mann,Aguirrebury
Taylor,Torres,Port Roberto
Hannah,Waller,Fritzbury
Randy,Cannon,South Nancy
Adrienne,Hunter,Lake Glennside
Raven,Weaver,Adamsfurt
Isaac,Murillo,Port Ryan
Kelly,Branch,Port Beckymouth
Chelsey,Larson,New Yolanda
Rick,Marquez,New Taylorburgh
Tricia,Mckee,Port Kimberly
Rebecca,Blake,East Casey
Dan,Mcmillan,South Jeremy
Sabrina,Hill,Daveborough
Victoria,Walter,Francisside
Jorge,Hendrix,Jerrychester
Jodi,Fox,Wallacestad
Sara,Vargas,Patelhaven
Cynthia,Johns,South Shelley
Jordan,Hanna,Santosport
Maurice,Ramsey,Lake Dillonfort
Catherine,Nicholson,North Tracey
Sean,Todd,New Reginahaven
Lacey,Bond,Grantshire
Katelyn,Wise,New Alexa
Christine,Bowers,Jacobmouth
Adam,Levy,Bushview
Hayley,Ellison,South Howard
Vernon,Warner,Zoefurt
Fernando,Townsend,Lake Joshuastad
Walter,Parsons,East Alyssa
Brady,Hill,Montoyaberg
Loretta,Rice,Port Danburgh
Hannah,Beck,Port Carlos
Jocelyn,Stephens,Kelleyview
Benjamin,Chan,East Emma
Caroline,Clarke,North Sydney
Cameron,Forbes,Rhodesside
Wyatt,Mclean,Spencerchester
Kendra,Waters,Warnerport
Tom,Bradley,Lonnieburgh
Adrian,Frazier,Seanport
Beverly,Kirby,Elijahchester
Priscilla,Stuart,East Max
Roberto,Hogan,East Javierfort
Victor,Rogers,Gabriellafort
Alisha,Gallegos,Lake Christianton
Stefanie,Fuller,Mcleanshire
Jackson,Grimes,Gayfurt
Miranda,Robles,Lake Kevin
Gilbert,Bowers,Wyattborough
Jon,Gay,Lake Mike
Julia,Davila,Port Caleb
Aaron,Potts,Kathrynville
Rachael,Jimenez,Alextown
Lucas,Macdonald,West Baileystad
Kristopher,Sanders,North Judyville
Alexandria,Hutchinson,East Jake
Natasha,Schmitt,New Tammy
Jose,Acosta,East Gailhaven
Cassidy,Dominguez,South Annetteville
Debbie,Savage,Port Franklin
Felicia,Burnett,Lake Joyce
Hayley,Gutierrez,Alexandriamouth
Melinda,Parrish,East Wendy
Jeremy,Keith,Bethanystad
James,Washington,East Darin
Karen,Leblanc,Deanberg
Ivan,Malone,South Soniabury
Jesus,Cox,Deniseburgh
Michelle,Lowery,Parksfurt
Paul,Meyers,Port Mercedesberg
Eileen,Graves,Antonioside
Christian,Jennings,West Kathryn
Don,Hendrix,Wallaceville
Dominique,Summers,Rickyside
Wayne,Anderson,Haroldhaven
Chloe,Franklin,South Craig
Carolyn,Hendrix,West Ricky
Isaiah,Buckley,Youngfurt
Gina,Townsend,Tommyshire
Stefanie,Grant,New Derrick
Cole,Combs,Port Gregoryfurt
Suzanne,Pope,East Renee
Gabriel,Green,Toddside
Jeanne,Atkinson,Alexfort
Lindsay,Ferguson,North Karihaven
Ronald,Byrd,West Dan
Marco,Holden,Port Beth
Isabel,English,Anthonyport
Nichole,Green,New Thomasbury
Joann,Gonzales,North Tracieview
Francis,Miller,Lake Yvetteberg
Stuart,Valdez,East Glenn
Tricia,Berg,Port Gavin
Roger,Bauer,South Herbertmouth
Tanner,Hernandez,Adamston
Ellen,Cisneros,Popeland
Latasha,Hancock,West Leroyview
Jenna,Lamb,Toddborough
Francis,Ball,Port Michaelafort
Jade,Archer,Berrymouth
Zachary,Parker,Port Glennborough
Karen,Kent,Hofurt
Joshua,Dalton,Lake Troyville
Kiara,Ashley,Francohaven
Doris,Greene,Lake Omar
Helen,Kaiser,New Katrinaview
Ariel,Francis,Meyerfurt
Heidi,Singleton,East Alberthaven
Guy,Keller,Lake Morgan
Meghan,Moses,Bernardmouth
Jodi,Moran,North Lacey
Heather,York,Alexville
Gail,Salazar,North Isaacport
Tammy,Cantu,North Chelseyland
Olivia,Mcgrath,East Chelseyfurt
Michele,Case,South Roberta
Matthew,Brock,Elizabethburgh
Jenna,Henry,Tommyshire
Kristina,Hunter,East Isaac
Shirley,Bowman,East Dianeport
Allison,Walter,Prestonchester
Frances,Beltran,Lake Lindseyberg
Bailey,Waters,South Gary
Jeanne,Horn,Lake Billy
Jermaine,Hodges,Lake Marilynhaven
Jeremy,Clayton,North Renee
Tracey,Hardy,Blanchardfurt
Leslie,Mcmahon,East Dominique
Peter,Moore,West Debrahaven
Ian,Krueger,West Melvin
Crystal,Choi,South Monica
Lydia,Peterson,Port Christiemouth
Douglas,Waters,Natalieton
Tonya,Bond,North Joshua
Caleb,Henson,Andradeberg
Tristan,Lynch,South Spencer
Tami,Mendoza,East Savannah
Leslie,Howe,New Cody
Luke,Perez,Phillipchester
Gina,Rowe,Jocelynmouth
Darius,Riggs,North Philip
Hailey,Hart,Chungbury
Larry,Paul,Lukeside
Krystal,Woods,Crystalburgh
Tabitha,Reilly,Taylorshire
Roberta,Quinn,North Phillip
Reginald,Pitts,Clarenceton
Jesus,Rogers,Jarviston
Roberto,Roy,South Dustin
Jillian,Mccullough,New Gerald
Alan,Valenzuela,Birdtown
Kristy,Dixon,Ebonymouth
Henry,Holland,North Julian
Diana,Cox,Tanyastad
Sara,Middleton,East Ray
Jade,Jimenez,Wolfeborough
Carmen,Mcclain,Harryfort
Wanda,Sanchez,Tuckerfurt
Valerie,Wilcox,Coreychester
Chloe,Hurst,Duncanview
Virginia,Goodman,Jameston
Erin,Woods,South Brandonville
Cassidy,Bruce,East Eugene
Sally,Hinton,Guyside
Jessica,Randolph,Holdenfort
Kelly,Hogan,Jaimeberg
Derek,Chung,North Adriana
Shirley,York,Rodriguezbury
Cody,Potts,Lunaville
Erin,Gill,South Rachelchester
Nicole,Vargas,Alvaradoton
Sharon,Mack,Odonnellberg
Monica,Lopez,Latoyabury
April,Jones,Fryeville
Johnny,Reeves,Lynnborough
Brandi,Owens,Lake Jacobstad
Max,Rasmussen,West Tammieport
Christian,Moore,South Anne
Tyrone,Holloway,Pachecoburgh
Victor,Ferguson,Turnerfort
Logan,Carroll,Melissaville
Alexis,Hawkins,West Nathaniel
Diane,Reid,West Mikehaven
Dylan,Sweeney,Goodmanborough
Craig,Gonzales,Darinshire
Jill,Cardenas,West Kerrifort
Timothy,Chambers,Pammouth
Jaime,Terrell,Gilesburgh
Alejandro,Hancock,Lake Trevorton
Gregg,Rodriguez,Leonardberg
Deanna,Pacheco,Georgeton
Mariah,Barton,Hebertchester
Valerie,Branch,Port Jenna
Jonathan,Norman,Josephview
Samuel,Drake,South Tonya
Riley,Aguirre,East Sally
Jermaine,Baker,North Diamond
Holly,Hartman,Dianamouth
Haley,Frost,Watsonfort
Lindsay,Crane,South Gabriela
Adriana,Bartlett,West Roystad
Bethany,Ruiz,South Andreachester
Gabriel,Weaver,Longton
Jimmy,Heath,Coxburgh
Craig,Powers,Grantmouth
Colin,Howard,Alexberg
Edgar,Zhang,New Reginafort
Carolyn,Lucero,Charlottestad
Tonya,Parsons,South Charleneport
Marc,Small,Bennettmouth
Dakota,Elliott,South Charleneport
Hector,Barry,Wumouth
Morgan,Wells,East Yvetteside
Maxwell,Glenn,Miketown
Melody,Young,Port Harold
Alejandro,Sutton,Lake Franklinland
Jermaine,Banks,Lake Martha
Terry,Woodward,Schultzbury
Tanner,Cherry,Noahview
Troy,Elliott,South Robertbury
Barry,Rubio,Dalemouth
Samantha,Lutz,Lake Hayden
Wendy,Trevino,Port Louis
Greg,Mcneil,Alfredhaven
Rita,Hutchinson,Arroyoland
Rose,Robertson,West Brandonfurt
Paige,Aguirre,Russellland
Xavier,Terry,North Ritachester
Michaela,Thornton,West Victoria
Kyle,Rojas,West Tyrone
Devin,Baxter,Lake Xaviertown
Omar,Farmer,Tatemouth
Desiree,Vang,Wigginsbury
Fernando,Wade,Rosebury
Anne,Winters,Lewisview
Glenn,Harrell,Lake Douglas
Tracey,Boyd,South Victorhaven
Catherine,Becker,Christyville
Sharon,Farrell,New Aliciaberg
Clinton,Schwartz,Reedland
Sheri,Perez,East Krystalland
Beth,White,East Hunterburgh
Cole,Benitez,Lake Amanda
Caleb,Chapman,Port Stanleyside
Glen,Eaton,Rosefort
Cristina,Hanna,West Arianafurt
Kathy,Owens,Keithchester
Rachael,Keith,Shannonstad
Marcus,Thompson,New Gwendolyn
Norman,Mclean,South Stephen
Brandon,Cross,North Leon
Autumn,Soto,Lake Deanna
Jaime,Cervantes,North Kristinside
Reginald,Blankenship,North Carly
Chelsey,Mcknight,Fordborough
Clayton,Lindsey,North Sean
Kurt,Prince,Ronnieberg
Joy,Choi,West Jermaineton
Jeremiah,May,Gabrielleland
Candice,Huang,New Joanneberg
Alejandra,Tran,Karatown
Shaun,Richardson,Rachelview
Darryl,Russo,Scottstad
Joe,Cabrera,Kimberlystad
Travis,Duran,Port Russellmouth
Warren,House,Lake Devonmouth
Katherine,Haas,South Tonya
Karen,Burton,South Andres
Logan,Riddle,Weberview
Kathryn,Hester,Port Paigefort
Christina,Villegas,Vickimouth
Joel,Walters,Carlsonfort
Frederick,Delacruz,Brianbury
Warren,Cantrell,Whitneyburgh
Melvin,Bates,Karinabury
Meredith,Pollard,Anthonyshire
Dawn,Hines,Collinstown
Audrey,Goodman,South Rogerhaven
Kurt,Waters,Port Shane
Eugene,Harper,East Josephfurt
Caleb,Eaton,Rileyburgh
Kaitlin,Mejia,Lake Alechaven
Jennifer,Mercado,South Vanessaton
David,Cardenas,Tanyabury
Jenny,Reid,Karenmouth
Lonnie,Frye,Carlsonfurt
Janice,Mayer,Port Sheenaborough
Debbie,Bates,South Toddchester
Jean,Christian,Hartburgh
Philip,Harding,Jenniferland
Jillian,Oneal,Knoxton
Mindy,Christian,Jesusfort
Bobby,Mclean,West Normanborough
Amanda,Santos,Freemanberg
Ralph,Buckley,New Tara
Brian,Montoya,West Mirandaside
Joann,Dyer,Lake Chadside
Rhonda,Cook,Zamoraburgh
Charlene,Huffman,Stanleybury
Abigail,Shah,Mercadoland
Frances,Bridges,Port Virginiaside
Belinda,Kaiser,Phillipsbury
Michael,Griffin,West Sophiafort
Brooke,Briggs,Mezaview
Desiree,Sloan,North Kyle
Jared,Floyd,East Tylerton
Latasha,Spencer,North Kimberlychester
Joy,Mack,North Stevestad
John,Rhodes,Port Sylviaton
Claire,Schaefer,Stuartmouth
Judy,Nguyen,Lindsayburgh
Andrea,Dennis,Colemanfurt
Karla,Middleton,Mayton
Sean,Coffey,Silvaberg
Nichole,George,West Charlotte
Justin,Dougherty,Greerbury
Devon,Smith,Brandtville
Becky,Scott,Haroldport
Misty,Espinoza,Mataport
Franklin,Rivers,East Joan
Leonard,Barber,Lake Jasmineview
Lonnie,Price,North Kirk
Clarence,Cantu,Robertstown
Johnny,Foster,South Chelseyton
Richard,Vasquez,Stanleyhaven
Tabitha,Compton,West Tammietown
Adrienne,Wong,Anthonyberg
Jorge,Farrell,Dylanberg
Kathy,Richards,Fieldsside
Larry,Ellison,South Cristian
Gabrielle,Chaney,Tanyachester
Maxwell,Macias,New Edwin
Joyce,Chan,Isaiahfurt
Kari,Durham,Lake Julianberg
Trevor,Mckee,North Reginaton
Diana,Thomas,Rodriguezfurt
Cynthia,Moss,West Matthewside
Billy,Garrison,Andreburgh
Grace,Austin,North Yvetteview
Kerri,Hamilton,North Karaside
Kaylee,Wright,North Douglas
Manuel,Delacruz,Port Cassandrastad
Helen,Baxter,Garrisonberg
Leon,Hendricks,South Angelica
Henry,Contreras,New Michellefort
Gerald,Tanner,West Leslie
Ariel,Arnold,Michaelport
Judy,Fisher,Juliestad
Miguel,Wood,East Douglasberg
Lance,Gillespie,South Timothy
Natalie,Wang,Mercadofurt
Charlotte,Byrd,West Rita
Chelsea,Wagner,Port Cristianview
Larry,Rollins,Krausefurt
Paul,Leblanc,South Heathershire
Caitlin,Vance,New Julia
Adam,Shaffer,Garymouth
Martin,Rocha,Oneillfurt
Ronnie,Erickson,South Miamouth
Sheryl,Delgado,Tracyfurt
Kristen,Williamson,East Kayleetown
Cole,Warner,Port Kylieside
Lee,Mercado,East Normaville
Paula,Bates,Phillipsville
Claire,Shaw,Anthonyville
Amy,Mclean,Shortmouth
Joshua,Winters,South Terry
Brian,Pittman,West Meredithshire
Jeffrey,Waters,Jesseville
Denise,Barber,East Katelyn
Wayne,Sanders,Lucasmouth
Sandra,Sparks,Carneyfurt
Jose,Singleton,Haleyfurt
Joel,Shea,South Alisha
Sergio,Marquez,South Kelli
Latoya,Decker,East Franceshaven
Chase,Guerrero,Armstrongtown
Jeff,Tate,East Robertatown
Brandy,Valentine,Janetchester
Jade,Vega,Lake Jaclyn
Melody,Nielsen,North Chris
Brandon,Webb,Reyesstad
Jean,Mclaughlin,Thomasstad
Albert,Case,Lake Lonnieberg
Jose,Duarte,Kristaland
Jennifer,Brady,Stanleyborough
Angel,Conner,Port Marieland
Alyssa,Gamble,Olsontown
Lawrence,Campos,Heathfurt
Joyce,Michael,New Soniatown
Doris,Fox,Huntville
Johnny,Harris,New Rickstad
Leroy,Vargas,Reillyburgh
Diana,Green,South Andrewville
Victor,Bowman,North Johnnymouth
Alexis,Perry,Darrylstad
Xavier,Mooney,South Antoniochester
Lawrence,Gross,Bradleymouth
Albert,Myers,Port Moniquehaven
Mikayla,Oneal,Terrancetown
Frederick,Mcgrath,Port Jodyland
Kirk,Benitez,Sharonside
Alex,Mcdonald,Candacestad
Trevor,Hayden,Lake Angie
Sherry,Lane,West Joel
Mallory,Pratt,Payneport
Daniel,Flores,South Carrieshire
Jesus,Kane,Clarketon
Gilbert,Hendricks,South Francisco
Kerry,Sanders,New Grantshire
Alexandra,Davidson,South Latoya
Vincent,Carey,South Clayton
Parker,Russo,East Dorothy
Ebony,Velasquez,Dennisfurt
Jesus,Holden,Cathyton
Candace,Chen,Stacystad
Juan,Saunders,Sotoberg
Richard,Serrano,North Raven
Rick,Barrera,Jermainetown
Meagan,Hoover,Piercemouth
Larry,Huff,New Reneemouth
Kelli,Gonzales,Lake Dominique
Crystal,Howard,Guerreroshire
Frank,Walter,Yolandatown
Rhonda,Donaldson,Autumnland
Lisa,Duran,East Sabrina
Isabel,Cisneros,Blakechester
Bianca,Jennings,Ethanburgh
Leon,Lang,North Tyler
Luis,Zamora,Summerstown
Mitchell,Chang,Mannport
Edgar,Terry,New Ann
Norman,Howard,Tammyberg
Fred,Alvarez,Port Katherineside
Lauren,Nunez,Haysmouth
Kristen,Terry,South Rogerville
Olivia,Cross,Rickburgh
Leonard,Pennington,Tammieborough
Nathan,Bryan,Walshshire
Theresa,Gallegos,Dorisport
Jamie,Hayes,Orrfurt
Wayne,Herring,Johnburgh
Allison,Franco,South Cesarburgh
Ronald,White,West Normaton
Deborah,Taylor,Port Roberta
Shari,Bender,North Guy
Brooke,Gibbs,East Isabel
Ashley,Melton,West Stacy
Teresa,Hart,Perkinsbury
Bonnie,Erickson,Lake Donbury
Ruben,Trevino,South Linda
Fernando,Perez,West Melody
Katelyn,Cabrera,New Miguel
Sylvia,Lin,Lake Juanport
Margaret,Snyder,Cliffordburgh
Trevor,Schwartz,Bradfordmouth
Bethany,Colon,Flemington
Dustin,Vaughan,Port Ebonyhaven
Jim,Oconnell,Roseport
Kerry,Roberts,Lake Rachael
Allen,Mcgrath,Dawsonshire
Darlene,Ware,East Glenn
Jane,Roman,North Grace
Sheena,Burns,South Tashatown
Patricia,Cole,North Elaine
Shannon,White,Huffville
Mandy,Farley,Powersstad
Walter,Barber,North Suzanneberg
Summer,Fox,Kimberlyberg
Jeffery,Stuart,Coxburgh
Carla,Saunders,North Darlenemouth
Dustin,Herman,Georgemouth
Melody,Mckay,Claireberg
James,Ward,Michaelashire
Jasmine,Berry,Port Rick
Vanessa,Webb,Hatfieldbury
Jermaine,Diaz,South Seth
Mary,Holder,Lake Jessicachester
Johnathan,Mclaughlin,South Theresafort
Tracey,Massey,North Theodore
Tristan,Brooks,Ryanshire
Sara,Gilmore,Lake Fred
Norma,Page,Kruegerside
Levi,Todd,Lake Justin
Anthony,Curtis,Tylermouth
Kristine,Hawkins,Juanstad
Ann,Levy,New Dillonshire
Laurie,Mccoy,Princechester
Stephanie,Rivera,Cervantesmouth
Ebony,Yang,East Edwin
Norman,Morton,West Vanessahaven
Joann,Holder,Margaretfurt
Catherine,Davis,Erikatown
Grant,Mercado,West Jessicastad
Jessica,Aguirre,Kristinefurt
Trevor,Bowers,Juliafort
Autumn,Norris,New Alvin
Nancy,Price,Darrenmouth
Kevin,Lozano,Lake Francisfurt
Dale,Hendricks,Carrfurt
Alexis,Carroll,New Kristi
Javier,Bowers,New Samantha
Zoe,Guerra,North Bethanyhaven
Tim,Henson,Maddenmouth
Tim,Larson,Lake Lindaton
Brian,Banks,Lyonsberg
Destiny,Cooke,North Shaun
Austin,Bright,Rebekahshire
Briana,Davis,Castanedamouth
Darius,Lara,East Yolanda
Toni,Rhodes,Deniseburgh
Warren,Willis,South Gracebury
Colleen,Cordova,West Marilynchester
Marie,Norman,Alexaside
Jasmine,Morrison,Skinnerland
Catherine,Perkins,West Gabriela
Nancy,Williams,Masseytown
Noah,Hebert,Ortizside
Latoya,Gillespie,West Coreyview
Chelsea,Oneal,Mcdanielhaven
Katie,King,East Rodneyland
Colin,Doyle,Lesliefurt
Sonya,Schroeder,Petersburgh
Kayla,Guzman,Kiddfort
Christie,Jenkins,East Angieside
Joanne,Ferguson,Baileyside
Yolanda,Robinson,West Tyronestad
Katie,Craig,North Jamiemouth
Dakota,Chavez,Brewerbury
Johnny,Randolph,East Daniellestad
Collin,Alvarez,Port Lawrence
Cassidy,Melton,Lorettaland
Adam,Singh,Lake Mckenzieville
Hayden,Pugh,New Marc
Kellie,Salas,East Jeanne
Caleb,Watkins,Levihaven
Troy,Fritz,South Taylor
Phillip,Duffy,Lake Emily
Claire,Robinson,West Kevin
Jackson,Estrada,Chadborough
Tiffany,Peterson,New Christianburgh
Jessica,Carlson,Salazartown
Alvin,Roy,Brittneyton
Harold,Paul,Staffordhaven
Rodney,Underwood,Yvonnemouth
Adrian,Herman,North Beverly
Clifford,Phillips,Lake Blake
Regina,Mccoy,Burchchester
Kaylee,Bowers,Johnsonland
Reginald,Frederick,Douglasstad
Shelby,Reese,New Margaret
Connor,Gentry,West Cristian
Kevin,Fleming,New Shannonstad
Connie,Mercado,New Vincentstad
Kaylee,Barber,Solistown
Betty,Duncan,Jacobsonchester
Dwayne,Sweeney,North Kenneth
Kenneth,Anthony,Fletcherborough
Peggy,Montoya,Port Brandyside
Jonathan,Briggs,Lake Aprilchester
Sean,Gray,Berrymouth
Rebekah,Villegas,Langberg
Lisa,Small,New Xavier
Paige,Pineda,Port Judith
Howard,Glass,New Kelliechester
Jose,Bond,Lake Lydiatown
Janet,Bass,Port Lindsey
Jasmin,Waters,South Marisachester
Jennifer,Mcintosh,Simonside
Gina,Benson,Colechester
Vanessa,Gardner,Meghanstad
Brenda,Clark,Noblemouth
Chelsea,Randolph,New Candice
Tabitha,Logan,New Lance
Anne,Cabrera,Toddtown
Logan,Lamb,North Erin
Reginald,Mann,East Brandon
Bob,Rosario,Fowlerfort
Andrew,Weiss,New Pam
Rita,Livingston,North Whitneyborough
Briana,Peck,Port Curtis
Brady,Mcdaniel,Debraberg
Clifford,Rivers,West Michelle
Kathryn,Burgess,South Andre
Rodney,Esparza,East Ricky
Gabrielle,Vincent,North Perryshire
Yolanda,Schroeder,Malikchester
Jonathon,West,North Staceyport
Lee,Harvey,Port Leon
Yvette,Mccoy,East Monica
Kayla,Fleming,Clarketown
Vernon,Flowers,New Terryton
Bobby,Dodson,Mariamouth
Lindsey,Blevins,East Nathanielview
Jared,Howe,New Diane
Mike,Mckay,Lake Lydiafurt
Leon,Summers,Holmeschester
Darren,Gibbs,Glennchester
Chase,Lucas,Johnmouth
Kent,Cobb,Schwartzchester
Miranda,Lawson,West Claudiahaven
Kathy,Nguyen,Kelleyborough
Jeremiah,Rubio,Caseyborough
Gilbert,Barry,Gilmoreport
Tony,Shannon,Acevedomouth
Dana,Salas,Lake Tabitha
Benjamin,Galvan,Masseymouth
Teresa,Vargas,Velasquezstad
Tricia,Leon,Lake Tannerside
Carmen,Daugherty,Batesport
Tiffany,Rowe,Smithview
Wesley,Snow,East Melinda
Raven,Mejia,Duncanside
Elijah,Richardson,Willietown
Colton,Sandoval,Zavalaview
Krista,Mcclure,North Marissatown
Johnny,Rubio,New Melodymouth
Amy,Ballard,Briannaland
Rachel,Watts,Aaronville
Judy,Mullins,Lake Shelby
Priscilla,Huff,New Brettmouth
Zoe,Solomon,Bettyland
Gabriella,Ho,Danielview
Jeff,Jensen,Josephfort
Natalie,Ball,Port Laurie
Matthew,Fields,North Sabrina
Jack,Mendoza,Quinnfurt
Sheryl,Lyons,South Roberta
Nina,Contreras,New Savannah
Samuel,Walker,Ginaport
Charlotte,Spencer,Port Tyronemouth
Eduardo,Schultz,Christianbury
Adrienne,Medina,Darrellstad
Darrell,French,Vegaview
Rodney,Dunn,Hardingshire
Bryan,Sampson,Stricklandborough
Gregory,Baxter,Schultzfort
Edgar,Norman,Lake Kayleeville
April,Garner,Erikamouth
Mercedes,Bush,North Katelyn
Theresa,Randolph,Janicefort
Tom,White,Lake Sean
Tiffany,White,Pambury
Lacey,Clark,West Lydiamouth
Gail,Thornton,Julieport
Leslie,Figueroa,Dillonmouth
Katie,Mcintosh,New Darrenfort
Kelly,Bradshaw,West Raven
Blake,Avila,New Frances
Jesse,Miranda,Ellisland
Kristi,Thompson,New Lanceview
Isabel,Snow,North Lynntown
Donna,Sims,North Davechester
Connor,Thomas,Janiceview
Chloe,Hanson,Daisytown
Drew,Guzman,West Kirkbury
Clifford,Conway,Brandtshire
Ashlee,Carney,Fullerbury
Jackie,Mccullough,West Randallshire
Crystal,Dougherty,Alfredshire
Caitlyn,Tapia,Ewingchester
Brenda,Estrada,South Gilbertmouth
Tina,Andrews,Charlenebury
Andre,Cunningham,Lake Jesus
Jesus,Abbott,Port Jermaine
Kendra,Bishop,Maysberg
Tyrone,Ayers,Bryantland
Isaiah,Andersen,Laurieport
Shelia,Rojas,West Ana
Donald,Arnold,Bonnieport
Kaitlin,Fowler,Wilkinsonton
Mallory,Browning,Lake Faithton
Cathy,Compton,Johnstonfurt
Larry,Blanchard,Trujilloside
Robert,Henderson,East Kristy
Glen,Simon,Lake Marcfurt
Holly,Nelson,Monicatown
Erin,Wall,Hancockburgh
Chloe,Durham,Derrickland
Jeanette,Schwartz,Jeffport
Max,Clements,Riosville
Julie,Coffey,East Elizabethfort
Regina,Gilmore,Bellchester
Lacey,Stark,East Emily
Devin,Jefferson,Dickersonville
Shawna,Spencer,Kelliville
Edgar,Meyers,Miguelhaven
Levi,Larsen,Costaville
Victor,Simon,Maddoxland
Lacey,Boone,Lake Craigchester
Chelsea,Lester,Taylorport
Dominique,Benjamin,Jimmybury
Cheyenne,Marshall,Waltershire
Frances,Vance,North Evelynmouth
Melvin,Todd,West Kristin
Gilbert,Larson,Vanessabury
Tim,Hawkins,New Maryfort
Peter,Glass,New Herbert
Dan,Shepard,East Shelleyfurt
Crystal,Garcia,Port Calebhaven
Helen,Diaz,Sloanstad
Christine,Cervantes,Billytown
Jeffery,Zhang,Port Jodi
Mario,Nolan,North Dariusview
Abigail,Cochran,North Shannon
Darlene,Nelson,New Julia
Dwayne,Davidson,Campbellside
Gregory,Osborne,Gabrielleside
Latoya,Clements,Orrview
Brooke,Savage,Theresaland
Savannah,Grimes,Shellyfurt
Donna,Webster,Yvetteville
Jim,Ochoa,South Tom
Leslie,Spencer,West Ralph
Ariana,Harmon,North Collin
Paige,Wong,Laurabury
Darryl,Burnett,Mckenzieton
Kristopher,Glass,Hancockshire
Michael,Huff,West Bryan
Douglas,Wilkerson,New Marcus
Tanya,Howard,South Alisha
Christy,Franklin,Oliviatown
George,Dorsey,East Alan
Colton,Nixon,Kanemouth
Daniel,Cobb,Haynesmouth
Cristian,Ball,Port Larryshire
Francis,Goodman,Lake Thomas
Dylan,Boyer,New Bradybury
Olivia,Cooke,New Andrea
Dana,Cohen,Port Gavin
Megan,Mills,Conradport
Daniel,Hurst,Livingstonview
Danielle,Compton,Hamiltonton
Mitchell,Mack,Lake Brooke
Jessica,Mcknight,Jimmouth
Tyrone,Marshall,Nortonfort
Greg,Allen,North Sheilaland
Jill,Schultz,East Johnathanbury
Noah,Hall,Ninaton
Wendy,Melendez,Jeffreybury
Guy,Rush,Collinsland
Monica,Joyce,Howardville
Lauren,Garcia,Kiarachester
Louis,Norris,Hayleybury
Shelly,Rasmussen,Lake Marvin
Dave,Espinoza,Jonesshire
Beverly,Mayo,East Alejandraland
Larry,Key,Mcdonaldchester
Jennifer,Mcguire,Cameronfurt
Olivia,Mills,South Christina
Loretta,Simon,Palmerport
Janet,Stevens,Perkinshaven
Laurie,Hutchinson,New Frankborough
Shelly,Green,New Seanmouth
Curtis,Marsh,West Jeanette
Molly,Prince,East Mary
Jaclyn,Mcmillan,Port Brentside
Alejandra,Harding,East Courtney
Angie,Salas,Lake Dwayne
Krystal,English,East Mark
Jenny,Chase,Beverlymouth
Erika,Collier,North Dylan
Anthony,Meza,New Sheriborough
Alice,Choi,Hollyside
Malik,Marks,Atkinsonberg
Ruth,Jensen,Glenmouth
Jack,Boone,South Tammyfurt
Charlene,Zamora,Marthaland
Jorge,Mcgrath,Estradahaven
Tricia,Harris,Lake Terri
Tyrone,Nolan,New Brett
Arthur,Pugh,Collinton
Kristie,Oconnor,South Laurenberg
Albert,Acosta,North Jacquelineville
Erin,Deleon,Charleneland
Jasmine,Robles,East Normaview
Kendra,Zamora,Bensonmouth
Dakota,Salas,Coleburgh
Jimmy,Wang,Doughertyfurt
Lisa,Yates,Valeriehaven
Collin,White,Chenton
Brittney,Horn,South Michael
Maureen,Hurst,Mosesberg
Cynthia,Greene,Hancockchester
Maureen,Rivers,Maxwellborough
Garrett,Villa,Calebbury
Bill,Richards,South Shellyview
Kiara,Moon,Hesterburgh
Colin,Kaufman,Aaronfort
Evan,Marsh,Lake Darrellshire
Kristie,Rice,East Leslie
Diana,Monroe,Lake Jacksonmouth
Jerry,Morales,South Dominiquemouth
Tracie,Floyd,East Chloeshire
Paul,Barnes,South Shane
Dominic,Duran,East Wendy
